Total_Reward,Total_Loss,Total_Accuracy,Steps,Epsilons
-149.40285905077317,0.0,0.0,83.0,1.0
-187.90480539533328,0.0,0.0,76.0,0.995
-221.78455767431245,0.0,0.0,111.0,0.990025
-208.6024268573883,0.0,0.0,108.0,0.985074875
-90.75655892340674,0.0,0.0,98.0,0.9801495006250001
-110.60351546994904,0.0,0.0,78.0,0.9752487531218751
-334.99052560679274,0.0,0.0,112.0,0.9703725093562657
-247.8344929198867,0.0,0.0,59.0,0.9655206468094844
-210.73248804293573,0.0,0.0,84.0,0.960693043575437
-165.71512632422093,0.0,0.0,104.0,0.9558895783575597
-160.22275930851288,75.62030410766602,1.21875,88.0,0.9511101304657719
-165.9631303352033,2676.0588815510273,113.65625,142.0,0.946354579813443
-273.75158200070643,1671.4662308692932,57.75,82.0,0.9416228069143757
-227.07414327957875,3674.629120051861,75.875,116.0,0.9369146928798039
-124.84239663999429,2237.768269956112,52.84375,81.0,0.9322301194154049
-109.65032319138903,1397.7294116318226,50.3125,72.0,0.9275689688183278
-269.3196809438025,2907.83138859272,77.0,100.0,0.9229311239742362
-433.7453493354557,1760.9066452980042,80.0625,106.0,0.918316468354365
-154.51879465493923,1702.9356558918953,36.03125,56.0,0.9137248860125932
-111.36766268739433,2090.3777790665627,38.0625,65.0,0.9091562615825302
-198.9936122284061,2532.528208553791,66.46875,112.0,0.9046104802746175
-173.79167846861873,1897.9522232711315,41.375,69.0,0.9000874278732445
-199.83330612083802,2674.3197972476482,79.6875,117.0,0.8955869907338783
-349.19006805454194,2141.963875770569,54.59375,82.0,0.8911090557802088
-305.98301516966836,103119.8640832603,2708.125,5001.0,0.8866535105013078
-159.5692771073871,1879.0220701694489,55.25,106.0,0.8822202429488013
-318.13489133050837,1588.292319536209,46.4375,85.0,0.8778091417340573
-249.45221458512637,1670.150316476822,47.71875,90.0,0.8734200960253871
-435.4771178367968,1327.6037180423737,48.8125,86.0,0.8690529955452602
-502.6597527970413,2614.142213821411,55.4375,101.0,0.8647077305675338
-423.3467331180899,2760.1728093624115,46.25,89.0,0.8603841919146962
-180.94483688214382,1390.051164984703,50.3125,89.0,0.8560822709551227
-367.2620056419669,2084.3763442635536,68.6875,113.0,0.851801859600347
-179.84562604837419,2052.958909034729,48.40625,92.0,0.8475428503023453
-224.30558540807752,1474.895911693573,32.78125,70.0,0.8433051360508336
-156.39328954252073,1533.6621292829514,34.65625,71.0,0.8390886103705794
-604.8192048990402,2509.5781806111336,66.90625,118.0,0.8348931673187264
-389.88943485699673,1464.3576512932777,52.09375,100.0,0.8307187014821328
-280.2077833304532,1666.877409696579,60.59375,108.0,0.8265651079747222
-403.4898956912578,2124.5375915765762,60.40625,105.0,0.8224322824348486
-479.64732659995366,1964.42194968462,49.4375,96.0,0.8183201210226743
-237.81795470060425,2543.472098350525,60.40625,110.0,0.8142285204175609
-194.74291491934662,1407.8482187986374,41.21875,80.0,0.810157377815473
-168.83194125565564,1157.1210914850235,48.0,89.0,0.8061065909263957
-373.42999219810343,1546.506554722786,52.0,99.0,0.8020760579717637
-107.85278071088412,1205.9080288410187,36.25,71.0,0.798065677681905
-174.87881725519577,1326.684434056282,30.375,65.0,0.7940753492934954
-399.5979458261007,2043.9253870248795,57.0,107.0,0.7901049725470279
-183.84600204673842,1087.838661789894,35.78125,66.0,0.7861544476842928
-159.8902432868689,1662.2198653817177,42.09375,80.0,0.7822236754458713
-312.1502454143606,2106.737348794937,50.375,97.0,0.778312557068642
-297.51018145399996,1383.9589442014694,49.5625,98.0,0.7744209942832988
-273.2873633762517,1274.9067989587784,35.3125,71.0,0.7705488893118823
-258.33343168054364,1808.9954960346222,47.21875,92.0,0.7666961448653229
-173.47534514651514,1325.2228152751923,33.46875,64.0,0.7628626641409962
-331.87560816619526,1018.8385773897171,31.15625,60.0,0.7590483508202912
-361.94449856799287,1822.681112408638,43.125,89.0,0.7552531090661897
-376.3377406713128,1591.6049733161926,44.53125,91.0,0.7514768435208588
-182.9530553403514,1895.8777023553848,38.875,81.0,0.7477194593032545
-330.0063772124504,3281.5377225875854,52.46875,105.0,0.7439808620067382
-169.12520023206207,1607.1411670446396,38.03125,74.0,0.7402609576967045
-591.1222400597096,1597.5169370174408,55.5625,107.0,0.736559652908221
-115.15960258951428,1955.5452045202255,53.1875,105.0,0.7328768546436799
-137.42671391621792,988.8609418869019,46.53125,88.0,0.7292124703704616
-278.65569093818056,2009.9141507148743,38.65625,76.0,0.7255664080186093
-295.30880406342794,2140.3608781695366,45.59375,93.0,0.7219385759785162
-155.82631065491879,1449.5198384523392,33.6875,63.0,0.7183288830986236
-336.1354618182183,2224.982058107853,50.9375,102.0,0.7147372386831305
-379.439329581504,2364.0352461338043,55.53125,104.0,0.7111635524897149
-145.66563874407996,2051.5009322166443,43.1875,87.0,0.7076077347272662
-247.85962669997932,1347.810429096222,31.0,61.0,0.7040696960536299
-324.80243916812185,1929.8258115053177,42.625,81.0,0.7005493475733617
-243.59649010843557,2516.2500338554382,51.78125,103.0,0.697046600835495
-333.91800441919463,2932.023212313652,61.09375,123.0,0.6935613678313175
-341.6795251914724,2242.796311855316,57.15625,109.0,0.6900935609921609
-366.08803654165644,2364.9543553590775,58.0625,104.0,0.6866430931872001
-148.0399218104314,1168.7959660291672,29.15625,58.0,0.6832098777212641
-159.59320125954642,1689.9903820753098,38.53125,73.0,0.6797938283326578
-328.67117461200223,1454.2761025428772,35.0,63.0,0.6763948591909945
-548.0566666393693,1848.573965549469,43.5625,82.0,0.6730128848950395
-308.5780754780308,2020.7037864923477,51.6875,96.0,0.6696478204705644
-306.75977441947134,2066.64934194088,41.28125,78.0,0.6662995813682115
-182.6784859165726,2300.769268512726,51.46875,102.0,0.6629680834613705
-288.1847600030202,2396.0815782546997,48.90625,98.0,0.6596532430440636
-412.14695835170573,1778.78775537014,40.53125,82.0,0.6563549768288433
-428.6229053846208,2534.737128973007,54.25,107.0,0.653073201944699
-169.91698618660757,1876.4162278175354,37.09375,71.0,0.6498078359349755
-550.29198712681,2301.7594690322876,51.03125,104.0,0.6465587967553006
-559.3160085583065,2371.6193655729294,53.9375,104.0,0.6433260027715241
-472.5560689365474,2319.6357011795044,53.75,95.0,0.6401093727576664
-419.69478514319997,2066.8426121473312,45.375,85.0,0.6369088258938781
-135.54669669213922,1577.7652430534363,26.96875,57.0,0.6337242817644086
-227.87041195449996,2031.063101530075,42.46875,82.0,0.6305556603555866
-339.2730188489429,2109.3130419254303,44.0,86.0,0.6274028820538087
-458.2435880597871,2146.939877986908,39.125,77.0,0.6242658676435396
-393.14148782184395,2920.8505647182465,73.46875,139.0,0.6211445383053219
-494.25233183134264,1655.9301015138626,46.6875,90.0,0.6180388156137953
-186.46330386814859,2046.1977796554565,53.625,99.0,0.6149486215357263
-210.86920285753945,1934.8197183609009,30.59375,60.0,0.6118738784280476
-436.82445164405345,1839.7629842758179,41.40625,82.0,0.6088145090359074
-361.70193027224866,2358.097020626068,48.6875,86.0,0.6057704364907278
-450.09450476928026,2079.7148954868317,48.5625,92.0,0.6027415843082742
-164.44368692995354,2600.19304561615,37.875,75.0,0.5997278763867329
-168.39565443266164,1904.2459721565247,31.90625,61.0,0.5967292370047992
-240.33584470199074,1206.3423676490784,29.625,56.0,0.5937455908197752
-162.5038004175174,1901.4000037908554,41.0,79.0,0.5907768628656763
-160.3089821029954,1579.172352552414,28.6875,58.0,0.5878229785513479
-246.70417714329733,2705.1996836662292,47.625,101.0,0.5848838636585911
-382.9770535267974,2422.7747797966003,53.78125,96.0,0.5819594443402982
-441.2899571152318,1872.96382522583,32.78125,64.0,0.5790496471185967
-430.14254827716275,2355.7787799835205,57.28125,97.0,0.5761543988830038
-199.90036755996084,2272.318694829941,43.8125,80.0,0.5732736268885887
-405.6397659320066,2208.757148742676,58.78125,114.0,0.5704072587541458
-146.50304765851726,1424.9101071357727,30.0625,60.0,0.567555222460375
-161.70307623713956,2305.6517663002014,40.125,73.0,0.5647174463480732
-268.6447245894661,1342.8411697149277,33.3125,66.0,0.5618938591163328
-520.0745265227008,2666.8721611499786,54.0625,101.0,0.5590843898207511
-424.10405910267195,1940.4864645004272,51.1875,98.0,0.5562889678716474
-246.26268992923227,2761.0985209941864,47.03125,92.0,0.5535075230322891
-184.62734362713792,2154.4588162899017,34.03125,66.0,0.5507399854171277
-280.1688783600017,1362.9063069820404,34.4375,65.0,0.547986285490042
-541.3707187849607,1735.4661685228348,37.96875,72.0,0.5452463540625918
-267.99863463521956,1778.681319475174,43.6875,74.0,0.5425201222922789
-192.705627290859,2149.776458978653,65.09375,115.0,0.5398075216808175
-490.5454165625363,2085.1890897750854,51.1875,92.0,0.5371084840724134
-297.3031226739661,1604.6924333572388,37.34375,71.0,0.5344229416520513
-189.32260577314048,1310.1408231258392,30.03125,57.0,0.531750826943791
-490.414372808801,2440.8252398967743,49.125,85.0,0.5290920728090721
-461.74597740332223,1685.4908363819122,44.34375,79.0,0.5264466124450268
-521.324208950407,3892.9516882896423,90.90625,165.0,0.5238143793828016
-374.1770031014426,1751.020009279251,35.15625,67.0,0.5211953074858876
-285.1007823070146,1876.2909786701202,34.96875,71.0,0.5185893309484582
-160.36255505780798,3767.058445453644,69.15625,129.0,0.5159963842937159
-329.39011259151664,5482.597486972809,111.96875,202.0,0.5134164023722473
-96.64931139248705,1599.9349292516708,32.0625,58.0,0.510849320360386
-373.16365021974866,2229.8474234342575,48.5,92.0,0.5082950737585841
-469.64308075898276,2834.3545758724213,62.78125,116.0,0.5057535983897912
-678.2591719166559,2367.397775888443,50.96875,90.0,0.5032248303978422
-210.75687802933822,1565.4488933086395,33.34375,63.0,0.500708706245853
-164.40798474223166,1738.435498714447,38.25,73.0,0.4982051627146237
-597.6111929062397,1892.498251914978,47.0625,88.0,0.49571413690105054
-458.20440423869314,2271.615513563156,47.96875,85.0,0.4932355662165453
-375.6479680217477,2835.6380434036255,71.375,111.0,0.4907693883854626
-622.7748781884557,2709.830505847931,56.3125,102.0,0.4883155414435353
-254.53799634824722,1852.6349303722382,33.0625,59.0,0.4858739637363176
-211.4789669381325,1525.4256100654602,35.21875,66.0,0.483444593917636
-146.33854068288852,1805.4854483604431,34.875,67.0,0.4810273709480478
-330.77137203463536,2269.640245318413,39.28125,69.0,0.47862223409330756
-381.561171290987,1570.861481666565,32.03125,60.0,0.47622912292284103
-301.7834470494796,1391.8636045455933,35.71875,64.0,0.4738479773082268
-440.68190264225996,2300.62295794487,48.15625,90.0,0.47147873742168567
-443.4654744903512,997.0552408695221,31.0,57.0,0.46912134373457726
-576.4829275677655,2368.938406229019,42.28125,78.0,0.46677573701590436
-217.01829293588224,2071.6709365844727,29.875,56.0,0.46444185833082485
-166.6085163247613,1926.8963205814362,35.4375,73.0,0.46211964903917074
-339.4068857549516,2120.60564494133,33.28125,65.0,0.4598090507939749
-516.6167901331244,1806.2117154598236,41.375,76.0,0.457510005540005
-170.5327633751118,1623.8450961112976,37.6875,71.0,0.45522245551230495
-423.28880250578715,2440.548825263977,54.65625,97.0,0.4529463432347434
-445.0743137982242,1560.654733657837,34.3125,66.0,0.4506816115185697
-93.76735948496034,1596.7559797763824,32.15625,62.0,0.4484282034609769
-554.1389868979959,2020.1862874031067,37.375,70.0,0.446186062443672
-409.6363044276824,2737.9829003810883,45.90625,90.0,0.4439551321314536
-223.32651849210882,2682.388287782669,39.15625,73.0,0.4417353564707963
-486.424697740721,2893.3478515148163,53.65625,99.0,0.43952667968844233
-291.85870521176554,3347.079230070114,58.71875,112.0,0.43732904629000013
-392.95990533871594,2604.4531705379486,56.90625,102.0,0.4351424010585501
-144.79533755931277,2311.592971801758,36.59375,64.0,0.43296668905325736
-267.67069074669337,3990.9749031066895,89.03125,146.0,0.43080185560799106
-281.5848054426571,1471.756965637207,35.0,64.0,0.4286478463299511
-708.1373781992274,2374.488121032715,44.03125,86.0,0.42650460709830135
-262.3237170582919,1715.8711663484573,32.84375,65.0,0.42437208406280985
-381.11368046310537,3567.858255624771,73.5625,135.0,0.4222502236424958
-398.6671380529035,1884.6094660758972,35.0,64.0,0.42013897252428334
-484.9281002432447,2890.0576486587524,62.5,115.0,0.4180382776616619
-285.71364379665033,2132.4095788002014,39.53125,73.0,0.4159480862733536
-537.4598831211601,2283.933481693268,43.84375,80.0,0.41386834584198684
-308.97351265429836,1694.213768005371,44.84375,74.0,0.4117990041127769
-335.81664686632496,3245.7939586639404,57.0625,104.0,0.40974000909221303
-191.11076638727667,1979.682819366455,46.75,91.0,0.40769130904675194
-280.19540744997414,2317.5588109493256,45.71875,83.0,0.40565285250151817
-237.745391418375,2355.7727003097534,50.65625,95.0,0.4036245882390106
-258.60812959639213,1837.1918377876282,35.03125,65.0,0.4016064652978155
-468.2976539587034,1949.0375533103943,37.25,69.0,0.3995984329713264
-306.7872053370256,1621.6819741725922,35.375,64.0,0.3976004408064698
-597.6972007827655,1937.4415640830994,49.5625,89.0,0.39561243860243744
-231.41265671044454,1768.9897511005402,29.21875,55.0,0.3936343764094253
-516.5362089220387,2300.8431992530823,42.75,79.0,0.39166620452737816
-235.63955229027613,1569.7564897537231,40.96875,76.0,0.3897078735047413
-166.88694258997612,2387.635099172592,43.46875,78.0,0.3877593341372176
-697.7850431376709,3446.479511976242,73.46875,129.0,0.3858205374665315
-134.01001172335052,1384.8698258399963,31.71875,58.0,0.38389143477919885
-170.00118145703777,2618.961857676506,53.375,99.0,0.3819719776053028
-569.7641699352745,2217.0154554843903,47.28125,86.0,0.3800621177172763
-134.60600587510697,1185.1198470592499,31.15625,59.0,0.37816180712868996
-186.73711971561923,2002.7196326255798,37.03125,67.0,0.37627099809304654
-227.19767700324232,1588.0863614082336,32.75,61.0,0.3743896431025813
-584.7943148999716,1707.5380823612213,41.1875,73.0,0.37251769488706843
-217.14876202916258,2605.0740921497345,49.375,92.0,0.3706551064126331
-405.59579330004243,2117.2589950561523,40.46875,76.0,0.36880183088056995
-264.1575786465187,2595.654506921768,50.4375,96.0,0.3669578217261671
-804.7092838831212,3636.1546714305878,69.6875,119.0,0.36512303261753626
-181.00356573689564,1770.9375774860382,32.59375,62.0,0.3632974174544486
-155.42550415831968,2335.3662981987,31.46875,61.0,0.3614809303671764
-199.99138549333824,1661.818871974945,35.125,67.0,0.3596735257153405
-551.5194488702957,2168.3790221214294,39.21875,70.0,0.3578751580867638
-227.85684421785288,2215.794269323349,32.0625,61.0,0.35608578229633
-441.5706236649859,2125.032222032547,37.3125,68.0,0.3543053533848483
-525.6664650435312,2977.8350746631622,53.78125,97.0,0.35253382661792404
-567.8183407102013,2205.0937123298645,51.09375,89.0,0.3507711574848344
-313.33128587142915,3099.525689125061,43.875,83.0,0.34901730169741024
-158.01850597664253,5069.172358751297,85.8125,157.0,0.3472722151889232
-295.52479584034813,2284.02640914917,35.59375,66.0,0.3455358541129786
-545.8185661377324,2763.0136709213257,56.9375,99.0,0.3438081748424137
-158.67586747828943,3125.4135930538177,51.53125,100.0,0.3420891339682016
-267.91452185828985,2771.3765392303467,56.28125,104.0,0.3403786882983606
-365.90793428719485,1928.8939073085785,61.03125,92.0,0.3386767948568688
-147.38944966689894,2360.5340051651,41.28125,74.0,0.33698341088258443
-469.70878184535667,2537.4513416290283,40.6875,74.0,0.3352984938281715
-610.9408319435594,1621.77046585083,41.1875,76.0,0.33362200135903064
-620.005854146495,2598.4769201278687,46.40625,82.0,0.33195389135223546
-250.29647775839922,2781.3183057308197,49.0625,91.0,0.3302941218954743
-345.25674049969814,2928.608297586441,51.75,95.0,0.32864265128599696
-216.0061975511132,1994.1672303676605,33.40625,60.0,0.326999438029567
-115.64088641208417,1956.5059914588928,34.6875,64.0,0.3253644408394192
-213.74601137981227,2193.960040330887,38.5,69.0,0.3237376186352221
-327.05840571780675,4308.794196844101,96.59375,172.0,0.322118930542046
-517.3537275404492,3283.9427077770233,67.3125,115.0,0.32050833588933575
-614.0704272294965,2355.6643586158752,47.625,84.0,0.31890579420988907
-627.8894560208329,2640.8029057979584,49.96875,88.0,0.3173112652388396
-439.0267172453042,1775.9391632080078,38.03125,68.0,0.3157247089126454
-140.08305869839188,1825.7093999385834,29.5,55.0,0.3141460853680822
-225.5703927861136,2327.2873306274414,50.875,93.0,0.3125753549412418
-145.35758975511143,1498.875373005867,30.0625,55.0,0.31101247816653554
-325.43013081965614,2119.4309360980988,40.6875,77.0,0.30945741577570285
-251.75786134608984,2475.440716266632,44.75,85.0,0.3079101286968243
-462.45399740868686,2647.6720535755157,52.75,95.0,0.3063705780533402
-720.5454003345923,2623.8573067188263,53.65625,92.0,0.30483872516307353
-486.63752254879984,2946.3565385341644,52.75,93.0,0.3033145315372582
-266.8801162992253,3344.194506406784,65.5,116.0,0.3017979588795719
-144.3205583256233,1479.560383796692,30.875,57.0,0.30028896908517405
-350.272762932319,1599.0773241519928,37.4375,69.0,0.2987875242397482
-408.54743957890025,3557.346771001816,61.875,103.0,0.29729358661854943
-284.45075118808427,2584.7820961475372,54.21875,94.0,0.29580711868545667
-494.21470798595084,5013.323704957962,87.75,158.0,0.2943280830920294
-430.5664926863559,2705.457482814789,43.78125,86.0,0.29285644267656924
-186.96204208794677,1617.4170155525208,30.1875,60.0,0.2913921604631864
-492.83382825850396,2358.412099838257,52.3125,88.0,0.28993519966087045
-220.08415481040748,2283.841386079788,49.46875,88.0,0.2884855236625661
-476.9232816166852,2656.7220587730408,42.9375,81.0,0.28704309604425327
-626.3770591678284,2140.0558722019196,43.84375,75.0,0.285607880564032
-265.23967367140676,2109.8216133117676,35.375,66.0,0.28417984116121187
-396.5919350880877,1504.69877743721,33.8125,64.0,0.2827589419554058
-403.28741034041053,1716.2546503543854,34.59375,63.0,0.28134514724562876
-154.02472685270064,1944.1999471187592,33.96875,62.0,0.2799384215094006
-173.34999719641573,2259.249847173691,41.15625,77.0,0.27853872940185365
-1017.4610003893155,4971.443634748459,82.3125,142.0,0.27714603575484437
-258.2810097132202,1666.2639427185059,36.59375,66.0,0.2757603055760701
-394.9307114947702,4433.444428443909,74.78125,137.0,0.2743815040481898
-561.2664842203233,2107.2430946826935,44.03125,78.0,0.2730095965279488
-429.76439341383144,2332.848109960556,33.34375,61.0,0.27164454854530906
-394.45590397127273,1321.018227338791,31.71875,55.0,0.2702863258025825
-451.11689983334026,2148.0603952407837,35.59375,64.0,0.2689348941735696
-556.2590806633475,2288.2361946105957,41.0625,70.0,0.26759021970270175
-357.3550897745716,5061.513813495636,112.65625,198.0,0.2662522686041882
-472.94917589482327,2532.672892808914,46.59375,84.0,0.2649210072611673
-458.71553296906296,4691.088689804077,96.6875,165.0,0.26359640222486147
-303.81958937421473,1519.08083152771,37.375,71.0,0.26227842021373715
-422.34301756441573,2076.203041791916,31.28125,59.0,0.2609670281126685
-579.8920093207196,2201.026823759079,47.65625,84.0,0.25966219297210513
-140.46489456692433,1488.5239276885986,32.65625,60.0,0.2583638820072446
-172.30231786455195,1425.350916147232,28.78125,56.0,0.2570720625972084
-422.5613737063648,1614.573776960373,32.28125,55.0,0.25578670228422234
-377.1512218411881,1255.149141550064,28.34375,55.0,0.25450776877280124
-712.4196228371511,2381.3300955295563,52.3125,89.0,0.2532352299289372
-224.87971623239181,5570.9374079704285,93.9375,159.0,0.2519690537792925
-343.79639842013194,2676.8051261901855,54.90625,98.0,0.2507092085103961
-474.01052551545365,1299.2082223892212,32.90625,58.0,0.2494556624678441
-385.2114962495914,1788.649498462677,30.65625,57.0,0.24820838415550486
-495.1430093932503,2740.197735309601,54.34375,89.0,0.24696734223472733
-197.0965726003126,2125.185219526291,39.25,68.0,0.2457325055235537
-144.04572863528963,1522.964037179947,31.21875,55.0,0.24450384299593592
-428.7984738698318,2479.0088455677032,44.09375,81.0,0.24328132378095624
-164.21970313728434,1884.4698469638824,30.5,53.0,0.24206491716205145
-297.10285722188473,1788.1614270210266,39.71875,75.0,0.2408545925762412
-256.527107576903,1710.8186705112457,35.40625,73.0,0.23965031961336
-320.57952766694495,2998.778782606125,49.1875,90.0,0.2384520680152932
-727.0286852395883,2853.029138326645,42.3125,80.0,0.23725980767521673
-431.2994072543446,1677.7278271913528,24.0625,48.0,0.23607350863684065
-36.40550615798955,2145.6311391592026,35.84375,64.0,0.23489314109365644
-826.6836020189912,4065.97181892395,71.625,127.0,0.23371867538818816
-41.27221972132645,3456.719401359558,72.78125,129.0,0.23255008201124722
-470.2192206757742,3806.670215368271,78.34375,141.0,0.231387331601191
-617.145044264293,2010.9328055381775,45.9375,80.0,0.23023039494318503
-127.24235438388004,1972.8642621040344,33.5,59.0,0.2290792429684691
-628.0106809019461,4084.528533220291,72.03125,122.0,0.22793384675362674
-216.90796746822627,3265.9133974313736,53.40625,99.0,0.22679417751985861
-376.7895213197752,4257.872041225433,92.4375,152.0,0.22566020663225933
-562.9329871931449,2780.3002665042877,52.53125,93.0,0.22453190559909803
-435.353753855867,1917.415539264679,38.3125,68.0,0.22340924607110255
-148.0851296567327,2824.9638953208923,37.8125,76.0,0.22229219984074702
-674.2561684997679,3457.222108364105,49.53125,95.0,0.2211807388415433
-340.52020078670944,4350.202028512955,73.46875,130.0,0.22007483514733558
-373.91825219248074,1177.6678898334503,29.96875,52.0,0.2189744609715989
-197.96970112266314,2584.5329349040985,48.46875,91.0,0.2178795886667409
-306.63415992197724,2942.682126522064,39.75,76.0,0.2167901907234072
-430.0486944922153,1324.3991587162018,27.59375,53.0,0.21570623976979014
-439.6565056805751,3386.334772825241,54.34375,101.0,0.21462770857094118
-785.3590130649187,2426.9908349514008,49.09375,90.0,0.21355457002808648
-269.6026314290468,3039.9026095867157,61.0,109.0,0.21248679717794605
-161.6907632003532,2150.999342918396,36.5,68.0,0.21142436319205632
-259.3456578914274,1729.7598762512207,41.3125,73.0,0.21036724137609603
-980.4593710289116,2924.6299357414246,60.03125,108.0,0.20931540516921554
-278.4942710731402,1988.7505531311035,46.84375,80.0,0.20826882814336947
-173.55012886347868,1989.0541033744812,37.90625,71.0,0.20722748400265262
-540.7126367892752,1398.1997406482697,38.0,66.0,0.20619134658263935
-528.264911144541,1765.677526831627,35.1875,65.0,0.20516038984972615
-452.952508176762,2225.0540310144424,46.75,87.0,0.2041345879004775
-356.2319212057718,2010.2120954990387,32.59375,61.0,0.2031139149609751
-335.7809320122502,2240.5565433502197,48.59375,90.0,0.20209834538617025
-247.6691880893612,3436.053084373474,67.5625,114.0,0.2010878536592394
-515.5552903942166,2989.2922053337097,54.9375,96.0,0.2000824143909432
-596.4097084317935,1835.162513256073,35.0,68.0,0.19908200231898848
-576.3982701915176,3003.184942960739,45.75,91.0,0.19808659230739353
-500.57176186188457,3116.0289804935455,59.53125,107.0,0.19709615934585656
-632.5106455756724,2769.70942735672,52.96875,98.0,0.19611067854912728
-964.4740882762991,4075.777595758438,71.59375,129.0,0.19513012515638165
-611.9708941285962,2301.360833644867,45.1875,83.0,0.19415447453059972
-382.0247429213964,2058.415117740631,34.78125,65.0,0.19318370215794672
-576.5878047802748,1860.1327140331268,40.96875,75.0,0.192217783647157
3.2221701070582327,1865.3931193351746,41.3125,75.0,0.1912566947289212
-388.66160500200016,2245.609628200531,40.84375,76.0,0.1903004112552766
-180.59856928789745,3281.259916305542,55.28125,99.0,0.18934890919900021
-191.66144678696563,1853.3001885414124,37.09375,65.0,0.18840216465300522
-396.568677834378,3089.3119146823883,49.03125,92.0,0.18746015382974018
-652.1687018396975,2432.3081691265106,38.125,74.0,0.1865228530605915
-365.13729490728144,3466.884196996689,57.375,100.0,0.18559023879528855
-743.2663485527115,2858.78178691864,61.625,115.0,0.1846622876013121
-477.76661326185666,2388.0514184236526,43.53125,79.0,0.18373897616330553
-146.5511293905622,1488.8947279453278,31.875,54.0,0.182820281282489
-194.82498265452563,4309.237189292908,70.8125,137.0,0.18190617987607657
-419.96024661222236,1815.0878863334656,29.46875,54.0,0.18099664897669618
-307.52426108213155,2953.59849357605,56.40625,103.0,0.1800916657318127
-412.8079759539656,2478.0397225618362,40.71875,75.0,0.17919120740315364
-387.5769698448722,1969.575611591339,34.25,62.0,0.17829525136613786
-510.50001597891753,2085.6281168460846,41.1875,69.0,0.17740377510930716
-378.09663128316885,5507.409586906433,98.125,169.0,0.17651675623376062
-336.87989584366926,2999.7024841308594,45.25,82.0,0.1756341724525918
-471.09896610059775,3183.591406583786,57.53125,91.0,0.17475600159032884
-685.5710007974345,3875.0650067329407,72.8125,121.0,0.17388222158237718
-433.014558683862,5577.359001994133,120.15625,201.0,0.1730128104744653
-465.9159890818489,2391.3616831302643,35.3125,70.0,0.17214774642209296
-510.528821260653,2150.4837723970413,41.65625,81.0,0.1712870076899825
-234.12152420750422,1984.6382489204407,39.5625,74.0,0.17043057265153258
-415.7808646912414,5172.454988002777,80.8125,148.0,0.16957841978827493
-312.04306151767537,1983.0573534965515,33.71875,62.0,0.16873052768933355
-136.93177493914135,1920.476848602295,33.34375,61.0,0.1678868750508869
-765.5889191304523,3175.363508939743,53.78125,103.0,0.16704744067563246
-548.0739349468715,1914.615332365036,39.46875,69.0,0.1662122034722543
-323.6192552573532,3385.9161047935486,68.8125,125.0,0.16538114245489302
-311.23128227241574,2139.1127693653107,31.6875,58.0,0.16455423674261854
-671.1660058238754,1694.9596464633942,41.375,73.0,0.16373146555890544
-518.0576531173461,2607.347019672394,44.90625,86.0,0.16291280823111093
-583.2451536931965,2274.5430583953857,36.9375,63.0,0.16209824418995536
-623.1537565716111,2673.4550119638443,47.375,87.0,0.16128775296900558
-246.5913079101764,4645.241255044937,90.03125,155.0,0.16048131420416054
-554.4667171905875,2858.8387224674225,49.9375,93.0,0.15967890763313974
-403.2441062892998,1296.9322862625122,31.1875,55.0,0.15888051309497406
-865.9638096104721,7569.77002954483,151.21875,259.0,0.1580861105294992
-441.8241644349721,2344.454579114914,42.40625,77.0,0.1572956799768517
-170.87191873944673,1895.7059783935547,30.375,54.0,0.15650920157696743
-377.85139801145044,2748.369572877884,39.75,71.0,0.1557266555690826
-300.7881071627394,1998.4724361896515,34.1875,65.0,0.1549480222912372
-351.57762822363816,4457.32212805748,75.65625,141.0,0.15417328217978102
-674.0296714923477,1698.3362445831299,41.875,77.0,0.1534024157688821
-0.7385109543751724,1984.7241470813751,41.53125,73.0,0.1526354036900377
-645.5143071388688,2283.8653683662415,55.78125,90.0,0.1518722266715875
-562.5920866119491,1579.9404728412628,35.6875,70.0,0.15111286553822956
-365.4113280314366,2207.058657169342,51.40625,94.0,0.15035730121053842
-267.4051826716815,3836.416909456253,68.09375,129.0,0.14960551470448571
-348.0538925448766,2601.689908504486,48.125,89.0,0.14885748713096328
-182.79169510542377,2450.8294184207916,48.40625,84.0,0.14811319969530845
-431.0470634843374,1719.0508863925934,32.9375,55.0,0.1473726336968319
-482.335040496787,1775.7412838935852,36.125,61.0,0.14663577052834775
-182.51101542794402,3199.327602982521,50.4375,90.0,0.14590259167570602
-359.146641088502,2520.7308201789856,43.0625,83.0,0.1451730787173275
-204.1551064505681,2686.938282728195,45.71875,80.0,0.14444721332374086
-183.01857537345484,1150.3792796134949,34.0,61.0,0.14372497725712216
-170.53855648119836,2169.752197265625,34.46875,63.0,0.14300635237083656
-1257.7408325171498,5197.102562189102,93.53125,173.0,0.14229132060898236
-357.3846922139613,5588.272739648819,101.03125,189.0,0.14157986400593744
-282.4875328511396,1406.8028328418732,31.1875,54.0,0.14087196468590776
-153.76625933532966,1612.79993724823,31.0,57.0,0.14016760486247823
-488.57320816627754,3623.31764292717,75.71875,136.0,0.13946676683816583
-573.9605319253744,2683.2886254787445,46.1875,89.0,0.138769433003975
-69.28161247538071,2618.829098701477,55.90625,90.0,0.13807558583895513
-195.0126135349306,2144.0468361377716,44.59375,79.0,0.13738520790976036
-188.5383080318441,2360.960862636566,42.09375,76.0,0.13669828187021155
-446.9248626069109,1484.4860036373138,27.75,52.0,0.13601479046086049
-183.01837397444802,1762.6869838237762,35.53125,61.0,0.1353347165085562
-163.03161073158435,1856.760180592537,30.46875,55.0,0.1346580429260134
-580.7900990774062,2021.3926941156387,33.6875,64.0,0.13398475271138335
-645.3335205237407,1969.1473066806793,36.9375,65.0,0.13331482894782642
-179.47922910817363,2711.0334091186523,52.09375,88.0,0.13264825480308728
-131.69958914423654,1290.5170974731445,33.25,57.0,0.13198501352907185
-643.6445705098815,4264.946939229965,66.375,126.0,0.1313250884614265
-287.53612115205,2010.8512732982635,35.625,66.0,0.13066846301911936
-56.024116480887,2749.3969707489014,46.8125,92.0,0.13001512070402377
-344.59801242692777,1703.3368091583252,30.6875,56.0,0.12936504510050365
-476.4685059060424,3635.983166217804,63.90625,114.0,0.12871821987500112
-339.0349827887709,3038.8487508296967,61.84375,108.0,0.12807462877562611
-769.7761717401738,3302.66143655777,55.9375,107.0,0.12743425563174798
-346.225515710361,2038.5839552879333,34.6875,67.0,0.12679708435358925
-213.00255892773322,2239.901954650879,37.28125,66.0,0.1261630989318213
-820.5223104454467,2115.929305076599,45.78125,84.0,0.1255322834371622
-303.30122166840465,1984.0106093883514,39.0625,70.0,0.12490462201997637
-172.89123175280122,3035.8972557783127,56.09375,109.0,0.1242800989098765
-177.79993222387836,2736.727436542511,46.875,83.0,0.12365869841532712
-356.75314797470446,3017.7333076000214,47.65625,87.0,0.12304040492325048
-174.8247212853685,2547.4294691085815,41.09375,78.0,0.12242520289863423
-146.2883469672796,1739.9486629962921,31.1875,57.0,0.12181307688414106
-206.48246437960643,2144.3658781051636,41.8125,77.0,0.12120401149972035
-411.3522133434955,1907.6546077728271,42.0625,75.0,0.12059799144222175
-630.5691200799649,2905.6632158756256,46.65625,86.0,0.11999500148501063
-584.9454486698394,1915.5622284412384,34.34375,67.0,0.11939502647758558
-481.1737371092462,2507.9283463954926,38.28125,80.0,0.11879805134519765
-161.2095581495372,1921.6700003147125,28.53125,56.0,0.11820406108847166
-776.5263041996759,2655.471191883087,45.0,89.0,0.1176130407830293
-536.2726137117467,3309.72367811203,56.125,101.0,0.11702497557911415
-208.2692852035408,1764.8428971767426,28.8125,54.0,0.11643985070121858
-744.5550309544311,3591.797078371048,59.3125,116.0,0.11585765144771248
-792.8571558495428,2707.4170924425125,36.40625,79.0,0.11527836319047392
-484.9671764907928,3113.1587862968445,40.25,81.0,0.11470197137452155
-399.95059520635476,1748.9792075157166,31.46875,64.0,0.11412846151764894
-536.3447803563683,3358.7119340896606,50.0,98.0,0.1135578192100607
-387.0699613435217,3701.3158478736877,58.375,113.0,0.11299003011401039
-251.66037914672515,1550.783810377121,31.84375,64.0,0.11242507996344034
-185.81938705589153,1984.5484999418259,30.375,54.0,0.11186295456362313
-309.024815619738,5382.7681838274,77.25,146.0,0.11130363979080501
-336.48272523901267,2806.1325285434723,49.96875,93.0,0.11074712159185099
-479.61256269905385,2051.3194625377655,33.75,70.0,0.11019338598389174
-354.95118046899154,3873.785349369049,61.75,120.0,0.10964241905397228
-1367.0985873235106,10212.677208900452,175.75,316.0,0.10909420695870241
-176.52165016558195,1388.4355351924896,36.6875,61.0,0.1085487359239089
-162.95005246664806,2297.4578478336334,43.625,73.0,0.10800599224428936
-8.218936106267506,2445.398724079132,45.125,83.0,0.10746596228306791
-162.15929979098067,1778.919942855835,37.65625,64.0,0.10692863247165257
-223.1752421635777,2857.1729135513306,46.375,95.0,0.1063939893092943
-315.86935262267264,2178.443366289139,35.75,73.0,0.10586201936274783
-558.8322886490018,1894.5192152261734,34.90625,61.0,0.10533270926593409
-302.127916595248,3387.834445953369,64.0625,109.0,0.10480604571960442
-273.50320280168694,2032.6455652713776,31.1875,59.0,0.1042820154910064
-755.8488861863624,1903.6898868083954,40.75,71.0,0.10376060541355137
-668.9057991921484,2135.347295999527,45.84375,86.0,0.1032418023864836
-483.6924036860917,2588.3874571323395,45.65625,83.0,0.10272559337455119
-260.43876110041134,1882.8975439071655,34.21875,58.0,0.10221196540767843
-187.24040495931587,1336.857268333435,30.4375,53.0,0.10170090558064004
-61.89388522992709,1757.587611913681,31.65625,57.0,0.10119240105273684
-783.565805034665,6579.7275203466415,106.0,193.0,0.10068643904747315
-201.0933022888264,1712.8907446861267,37.75,63.0,0.10018300685223579
-186.4529085640558,1908.0979146957397,31.78125,57.0,0.0996820918179746
-158.54470200774622,3291.072473049164,33.96875,71.0,0.09918368135888474
-198.3251934585932,2220.7830486297607,39.53125,74.0,0.09868776295209031
-406.9543416582154,2127.6033325195312,36.03125,68.0,0.09819432413732986
-242.53236922692895,2255.4237345457077,44.34375,81.0,0.09770335251664321
-370.70916782104956,1434.1889848709106,27.15625,51.0,0.09721483575406
-620.5232458115983,2244.780375480652,35.84375,69.0,0.09672876157528969
-298.4579860454051,1829.1334900856018,47.625,76.0,0.09624511776741324
-543.376211654378,4006.2168383598328,81.78125,143.0,0.09576389217857617
-308.2680341461122,2303.003075361252,41.9375,81.0,0.09528507271768329
-194.48241115142065,2931.7731382846832,49.9375,94.0,0.09480864735409487
-496.7157176559164,1940.7827109098434,25.6875,53.0,0.0943346041173244
-418.89679789093617,1807.871639251709,31.875,67.0,0.09386293109673778
-257.39961638574965,4747.4016788601875,89.40625,162.0,0.09339361644125409
-805.613994098427,7346.901489496231,132.5625,233.0,0.09292664835904782
-569.8221386031296,2564.966430783272,49.3125,88.0,0.09246201511725258
-193.37175370582344,2648.6358127593994,44.34375,79.0,0.09199970504166631
-362.8337814096961,3375.5607113838196,56.65625,112.0,0.09153970651645797
-151.1667819755068,2217.6614990234375,42.03125,67.0,0.09108200798387568
-453.0180587700501,2173.816956281662,43.71875,81.0,0.0906265979439563
-436.0559341733585,2551.24142742157,38.09375,75.0,0.09017346495423652
-453.68317777211416,3263.8301458358765,55.0625,105.0,0.08972259762946533
-491.47671569826963,2312.9667530059814,33.34375,64.0,0.089273984641318
-122.91634760778336,2855.333898305893,49.0625,91.0,0.0888276147181114
-990.5393128308741,2444.4718103408813,45.5625,84.0,0.08838347664452084
-237.66349451513122,2087.894782781601,38.65625,66.0,0.08794155926129824
-170.95212345906987,1956.7372946739197,36.5,59.0,0.08750185146499175
-300.62594464658184,2271.996778488159,41.53125,77.0,0.08706434220766679
-411.13698468529327,3464.995718717575,58.28125,114.0,0.08662902049662846
-624.4430548039263,4930.401669502258,84.0,152.0,0.08619587539414532
-356.06726488323534,2335.055189371109,31.375,68.0,0.08576489601717459
-486.33589791739405,1961.4147107601166,26.46875,53.0,0.08533607153708872
-676.7719376351254,2745.6077847480774,42.40625,84.0,0.08490939117940327
-131.39283966667423,1632.4419894218445,29.71875,53.0,0.08448484422350626
-167.3444442066935,1829.6050980091095,32.6875,52.0,0.08406242000238873
-219.23672942787633,2187.643267393112,36.15625,64.0,0.08364210790237678
-707.6021012450708,2443.7642860412598,34.96875,73.0,0.0832238973628649
-207.92678957218646,1667.1194863319397,38.8125,74.0,0.08280777787605056
-781.6511971844811,1724.5694904327393,43.65625,78.0,0.08239373898667031
-660.2081318694406,1869.0242614746094,36.59375,71.0,0.08198177029173696
-416.50296849603,1308.048461675644,31.46875,56.0,0.08157186144027828
-386.1496474630935,2443.845493555069,48.625,90.0,0.0811640021330769
-428.9435440649855,2796.551321029663,56.25,95.0,0.08075818212241151
-235.03608764478832,3069.7718822956085,48.96875,87.0,0.08035439121179945
-302.55353509692765,2214.8902971744537,50.21875,84.0,0.07995261925574046
-174.1266173769535,1987.599998831749,39.0625,72.0,0.07955285615946175
-497.5303030128416,1778.5731296539307,37.0625,67.0,0.07915509187866444
-216.04300453079696,2232.5993237495422,51.3125,82.0,0.07875931641927113
-329.12556478498243,3397.771828651428,55.65625,98.0,0.07836551983717477
-212.27866578831123,1887.3915684223175,41.21875,68.0,0.07797369223798889
-513.1684876464218,3793.5334799289703,69.71875,129.0,0.07758382377679894
-234.331643320985,1805.339084982872,29.78125,55.0,0.07719590465791494
-74.00675826699462,2768.4256373643875,54.15625,99.0,0.07680992513462537
-518.8449617995325,2037.8737354278564,43.71875,76.0,0.07642587550895225
-103.19549082118083,3094.487260222435,49.28125,87.0,0.07604374613140748
-211.6679143161789,4329.833500385284,60.28125,111.0,0.07566352740075044
-160.09837163447503,1941.9088455438614,30.15625,53.0,0.07528520976374668
-194.2361986898842,2091.6916428804398,49.21875,88.0,0.07490878371492794
-326.6749617972481,3243.471753358841,55.15625,111.0,0.0745342397963533
-205.35330885387035,2009.3583445549011,44.5625,75.0,0.07416156859737154
-242.7231382636084,1603.140163898468,31.46875,55.0,0.07379076075438468
-156.358306733647,1959.0765132904053,28.34375,54.0,0.07342180695061275
-542.9330379004382,1805.9192200899124,30.0625,57.0,0.07305469791585968
-605.7393686458399,1644.3617191314697,33.0625,61.0,0.07268942442628039
-769.4976466292142,7546.877560377121,128.53125,242.0,0.07232597730414898
-530.243915823381,4889.272070407867,83.15625,156.0,0.07196434741762824
-198.98785744128827,1860.968340396881,41.78125,74.0,0.0716045256805401
-481.57749513223774,2438.324518918991,46.75,89.0,0.0712465030521374
-552.439362436455,2203.9572978019714,46.03125,81.0,0.0708902705368767
-154.55682044795878,2873.896148443222,58.625,98.0,0.07053581918419231
-216.97474297064554,4539.210588216782,71.40625,127.0,0.07018314008827135
-214.253723278079,1945.0974601507187,35.0625,69.0,0.06983222438783
-165.1388174828129,1334.6024030447006,28.875,54.0,0.06948306326589085
-607.0419917677423,3320.5062692165375,63.3125,117.0,0.0691356479495614
-450.3059432488153,2333.8903917074203,35.96875,67.0,0.06878996970981359
-423.6921734909776,2333.5321004390717,41.0625,83.0,0.06844601986126451
-166.4602030537075,1792.4486734867096,40.3125,66.0,0.06810378976195819
-540.9627842804105,2702.7235777378082,38.71875,77.0,0.0677632708131484
-487.82521737583045,3060.8878157138824,54.6875,91.0,0.06742445445908266
-178.73459141470954,1539.863123178482,39.21875,61.0,0.06708733218678724
-444.2290512882634,2305.911004424095,42.96875,81.0,0.0667518955258533
-161.1405829496287,2348.051725268364,45.125,74.0,0.06641813604822402
-300.7177516956134,1562.771654367447,30.53125,58.0,0.0660860453679829
-194.06754203433013,1470.8145442008972,37.5625,63.0,0.06575561514114299
-506.6265796129767,2339.0393805503845,35.9375,72.0,0.06542683706543727
-401.5781408823059,2015.8703122138977,29.78125,59.0,0.06509970288011008
-703.9380158529414,2404.5182785987854,37.34375,81.0,0.06477420436570952
-633.3617434915053,2312.374750852585,42.8125,83.0,0.06445033334388098
-76.03287722774851,1560.8121719360352,32.28125,62.0,0.06412808167716157
-225.41442503848845,2347.777232646942,45.34375,77.0,0.06380744126877576
-542.645193047063,2534.5587673187256,37.8125,71.0,0.06348840406243188
-297.8666552586965,6478.904571533203,108.59375,204.0,0.06317096204211972
-303.1144278909866,1939.486209154129,30.96875,62.0,0.06285510723190912
-468.6581480492118,2166.308364391327,41.53125,78.0,0.06254083169574957
-396.8234415727672,3558.3757625818253,66.84375,122.0,0.062228127537270826
-790.3954012034837,4380.170093297958,87.59375,166.0,0.06191698689958447
-440.8706275567496,2270.2719576358795,44.6875,84.0,0.061607401965086545
-491.162088606022,3966.9367649555206,71.375,133.0,0.06129936495526111
-771.722799257018,6263.563774347305,104.6875,200.0,0.0609928681304848
-325.82685387600634,2794.1341235637665,53.4375,97.0,0.060687903789832374
-156.47952696015682,2592.60418009758,53.5625,91.0,0.06038446427088321
-235.03292220302708,3983.796495437622,63.59375,117.0,0.06008254194952879
-252.64551061855602,1391.398060798645,26.9375,53.0,0.05978212923978115
-539.1580234327557,2656.338501930237,41.8125,79.0,0.05948321859358224
-180.36951363765306,1207.6667068004608,26.96875,52.0,0.05918580250061433
-466.1872559128665,2204.5865774154663,49.65625,90.0,0.058889873488111255
-445.2521244049442,1783.754956960678,34.25,63.0,0.058595424120670696
-232.23608805243566,2763.4820699691772,42.28125,87.0,0.05830244700006734
-251.4843626240366,2480.5789543390274,45.96875,88.0,0.058010934765067
-491.4793081257006,2102.708019018173,35.25,72.0,0.05772088009124167
-1033.046012060789,2758.5670776367188,42.34375,87.0,0.05743227569078546
-264.7374882448562,2616.0348839759827,35.875,72.0,0.05714511431233153
-449.3456891180564,1837.2882438898087,38.65625,69.0,0.05685938874076987
-501.41717380697514,1493.6614735126495,30.46875,62.0,0.056575091797066025
-585.5481084050195,3134.405645608902,53.9375,103.0,0.056292216338080694
-614.0903208155291,2401.9600014686584,34.0,68.0,0.05601075525639029
-373.51476180831753,1696.624853849411,29.71875,57.0,0.05573070148010834
-302.8112061255349,2187.70134305954,42.9375,82.0,0.0554520479727078
-378.950044172341,1796.377554655075,29.8125,56.0,0.05517478773284426
-531.0719541481755,3222.391793012619,63.71875,115.0,0.05489891379418004
-386.82385961869824,3613.2069133520126,57.75,103.0,0.05462441922520914
-319.82672147688925,3923.2825813293457,74.15625,135.0,0.0543512971290831
-386.9582202906138,2847.0696034431458,50.09375,97.0,0.05407954064343768
-157.09733061843605,2432.117431640625,50.5625,81.0,0.05380914294022049
-361.55499841628455,1759.3042705059052,27.09375,56.0,0.05354009722551939
-167.2123633903633,2072.729509830475,41.125,67.0,0.05327239673939179
-185.09101522008075,2252.307955265045,43.59375,70.0,0.053006034755694834
-458.2958236276936,6141.251244306564,89.40625,171.0,0.052741004581916356
-143.2138083455033,1701.8385438919067,29.65625,53.0,0.052477299559006776
-346.2454037297398,2154.2511818408966,36.1875,73.0,0.052214913061211746
-127.11539360859531,2132.5314435958862,27.46875,52.0,0.05195383849590569
-453.0150664132031,1526.4632563591003,27.25,56.0,0.05169406930342616
-376.42532844921874,1585.7194583415985,26.84375,50.0,0.05143559895690903
-650.8781082656998,2196.7921122312546,33.375,64.0,0.051178420962124486
-951.9040874033514,6129.821966409683,103.15625,187.0,0.05092252885731386
-319.26661833105345,3510.9259432554245,64.1875,123.0,0.05066791621302729
-521.8413100202197,2086.618737101555,32.53125,71.0,0.05041457663196215
-484.97213721517153,2749.284113883972,49.625,101.0,0.050162503748802344
-601.795770541328,3000.205515384674,52.21875,94.0,0.049911691230058335
-205.01740624926077,2068.4267086982727,53.34375,88.0,0.04966213277390804
-186.94727102454155,1881.1473859548569,48.3125,81.0,0.0494138221100385
-208.44820937079584,2192.5197253227234,45.5,71.0,0.04916675299948831
-371.28220774818385,2618.8773074150085,50.1875,89.0,0.04892091923449087
-336.26016032130514,3227.828020811081,52.59375,96.0,0.04867631463831842
-45.90233058482333,2832.768791913986,53.53125,106.0,0.048432933065126825
-549.3459732450198,1760.3003451824188,29.125,58.0,0.048190768399801194
-519.1354173262816,2609.781863451004,45.09375,89.0,0.04794981455780219
146.10316014089696,5214.732906579971,102.25,182.0,0.04771006548501318
-300.1094164114169,2392.04451584816,43.59375,86.0,0.047471515157588115
-58.895433939271854,2686.227798461914,58.625,95.0,0.047234157581800176
-286.1618980120101,3070.6027274131775,65.0,114.0,0.046997986793891174
-624.0089013079433,2877.749659895897,49.125,92.0,0.04676299685992172
-197.03070651866918,2598.9037108421326,58.0,99.0,0.04652918187562211
-275.7694376924229,1970.1659812927246,34.09375,63.0,0.046296535966244
-581.8706180804728,1872.1864343881607,32.78125,59.0,0.046065053286412784
-182.3317991521004,1855.5123116970062,42.21875,69.0,0.04583472801998072
-326.66145287094344,2874.6208976507187,67.875,114.0,0.045605554379880814
-102.01533582390881,3585.6918296813965,62.03125,116.0,0.04537752660798141
-158.63607770618108,1977.2424495220184,42.875,75.0,0.0451506389749415
-208.77715678833277,1890.5038267374039,29.59375,57.0,0.044924885780066794
-844.4742101112727,5269.840060591698,85.5,170.0,0.04470026135116646
-169.29206130612351,3236.894109249115,48.8125,101.0,0.04447676004441063
-541.3355370026463,1761.14191365242,39.21875,68.0,0.04425437624418858
-177.79245486115033,1987.8590483665466,30.34375,56.0,0.04403310436296763
-1069.5244718585163,3745.7097049951553,68.5625,135.0,0.043812938841152796
-359.6278379660398,2303.758167028427,44.28125,81.0,0.04359387414694703
-173.19779764084817,1764.4588812589645,30.84375,56.0,0.043375904776212296
-224.951821691481,1626.435216665268,41.0,66.0,0.043159025252331236
-195.63094014445383,2131.509545326233,37.0625,62.0,0.04294323012606958
-134.9106141023792,3203.7761272192,50.625,91.0,0.04272851397543923
-251.82915461887208,2770.0497987270355,51.875,90.0,0.04251487140556204
-220.69124773368412,2585.325276494026,47.03125,84.0,0.04230229704853423
-94.02126744667171,2688.3419593572617,45.71875,80.0,0.04209078556329156
-252.14877446916097,2453.305335998535,32.40625,66.0,0.0418803316354751
-738.7748722717874,2895.599242925644,43.15625,88.0,0.041670929977297724
-494.35452032325105,1714.2531764507294,34.1875,62.0,0.04146257532741124
-188.83278639442952,2437.633920431137,41.4375,81.0,0.04125526245077418
-498.7269003143551,1964.3111209869385,37.625,77.0,0.04104898613852031
-454.078997490443,1711.1774228811264,37.75,66.0,0.04084374120782771
-155.54699909936318,1426.4436087608337,32.90625,56.0,0.04063952250178857
-150.1397800832346,2715.311870574951,53.125,91.0,0.04043632488927963
-500.94749210365336,3006.9143579006195,59.625,103.0,0.04023414326483323
-319.7503758786057,4306.724946260452,76.4375,140.0,0.040032972548509065
-378.01947156098095,3570.947549343109,70.84375,131.0,0.03983280768576652
-594.7657466497875,2616.467801809311,45.21875,79.0,0.03963364364733769
-378.5995733289292,1346.6529927253723,32.4375,56.0,0.039435475429100995
-79.27246816982107,2231.7223435640335,47.59375,89.0,0.03923829805195549
-473.4325456926547,2472.4308087825775,39.84375,79.0,0.03904210656169572
-67.21574943098707,2170.5319336652756,34.9375,69.0,0.03884689602888724
-423.2216098838803,2804.440856695175,48.6875,93.0,0.0386526615487428
-435.03101424409334,3873.960156083107,72.375,129.0,0.03845939824099909
-247.55513865699248,2712.4261667728424,56.21875,97.0,0.03826710124979409
-354.6330477419358,1763.5185681581497,40.5,70.0,0.038075765743545126
-286.3583300108316,3094.2756490707397,78.3125,132.0,0.0378853869148274
-194.12518310983194,2103.804960131645,41.84375,69.0,0.03769595998025326
-275.6255890404795,2836.446045398712,46.6875,91.0,0.03750748018035199
-430.10374696104907,2496.433999657631,41.09375,77.0,0.037319942779450235
-226.52739799404864,3165.0115978717804,52.8125,89.0,0.037133343065552986
-493.5519246980091,2004.851744890213,40.59375,76.0,0.03694767635022522
-354.99951545674304,1708.1423497200012,29.53125,57.0,0.036762937968474095
-222.34206960330744,3947.3368822336197,89.71875,156.0,0.03657912327863173
-476.7386485045436,2758.247269630432,41.59375,89.0,0.036396227662238566
-320.78582012304395,2103.065217256546,37.0625,65.0,0.03621424652392737
-192.12646764912756,1832.3669791221619,47.25,81.0,0.036033175291307735
-400.39291125797405,1848.5596760511398,27.0625,58.0,0.03585300941485119
-287.81129295078927,2981.682237625122,62.84375,117.0,0.035673744367776934
-318.33315168628553,3649.8624947071075,61.9375,110.0,0.03549537564593805
-570.3153280584247,2284.04634475708,34.15625,74.0,0.035317898767708356
-455.44114770293095,1989.1982173919678,27.28125,55.0,0.03514130927386981
-817.0638181876055,2966.0408344864845,50.21875,90.0,0.03496560272750046
-376.5016284930991,1462.4185988903046,32.5,58.0,0.03479077471386296
-621.4953100596052,2035.0389566421509,37.34375,65.0,0.03461682084029365
-261.5277558357712,2060.2900779247284,34.375,68.0,0.034443736736092176
-139.11632961052868,4079.4903910160065,75.03125,136.0,0.034271518052411715
-244.29266166537903,2528.306231021881,46.5625,83.0,0.034100160462149656
-482.4600602328561,1887.7822349071503,31.875,64.0,0.03392965965983891
-183.9667716636912,1541.8876460790634,31.28125,52.0,0.033760011361539714
-521.2579578758955,1834.1196115016937,28.25,62.0,0.03359121130473201
-173.38550337406514,1884.6450498104095,40.46875,70.0,0.033423255248208356
-304.6105600718241,1734.849075436592,32.6875,57.0,0.03325613897196732
-214.10255691083356,1805.451462984085,45.75,74.0,0.03308985827710748
-177.1419665928816,1160.1894340515137,31.75,53.0,0.032924408985721944
-306.5868659783825,1982.6676889657974,34.3125,65.0,0.03275978694079333
-190.78819157075105,2631.4096524715424,45.96875,77.0,0.032595988006089364
-571.1074895415815,2214.8304818868637,38.09375,81.0,0.032433008066058915
-578.5167978274496,3449.712287425995,62.75,108.0,0.03227084302572862
-493.51869758045507,7509.358067154884,168.59375,294.0,0.032109488810599975
-256.53104171108424,3570.8104417324066,48.625,108.0,0.031948941366546975
-182.2379760240221,1769.384358406067,38.78125,66.0,0.03178919665971424
-525.1020664510975,3449.030464887619,56.25,116.0,0.03163025067641567
-285.46018865452936,2555.492120742798,33.15625,69.0,0.03147209942303359
-505.0184653069229,2764.9963903427124,49.84375,88.0,0.03131473892591842
-377.6010443306612,3754.8680498600006,75.5625,125.0,0.031158165231288826
-36.97555447612317,3092.0498950481415,66.4375,115.0,0.03100237440513238
-185.12488902627496,2416.6892409324646,44.46875,73.0,0.030847362533106718
-188.10495897014908,1930.688744544983,34.71875,57.0,0.030693125720441184
-152.08842967578514,1453.0605088472366,31.4375,53.0,0.030539660091838977
-359.66028549009206,2419.65358710289,50.71875,91.0,0.03038696179137978
-819.260792665734,4540.685219168663,68.875,133.0,0.030235026982422884
-1106.093095168832,3152.229901075363,54.46875,115.0,0.030083851847510768
-307.7107548088296,2949.4821432828903,55.25,96.0,0.029933432588273214
-353.4513628485165,1377.3302257061005,25.15625,52.0,0.029783765425331846
-500.96958631770605,1701.7701864242554,28.0,55.0,0.029634846598205186
-694.7490887572064,1798.41392993927,31.71875,65.0,0.02948667236521416
-210.22178298348462,2132.114307641983,41.9375,69.0,0.029339239003388088
-214.8583965472159,2075.412992477417,48.625,77.0,0.029192542808371146
-350.23813227608593,1879.2348463535309,41.28125,75.0,0.02904658009432929
-200.04538171004015,2241.8116660118103,30.78125,61.0,0.028901347193857643
-224.18185543764446,2750.9054629802704,49.1875,85.0,0.028756840457888354
-444.26476977580387,1856.706999540329,30.84375,64.0,0.02861305625559891
-151.55721353515617,1451.9512984752655,30.59375,52.0,0.028469990974320916
-513.2572891005921,2962.3219479322433,60.875,109.0,0.02832764101944931
-743.2300558393463,3558.6926505565643,55.4375,108.0,0.028186002814352063
-130.0900297997786,1256.8114669322968,33.84375,54.0,0.0280450728002803
-365.73792499812936,2660.4908714294434,42.71875,82.0,0.0279048474362789
-520.8960508136812,2529.7843487262726,47.9375,91.0,0.027765323199097504
-493.47988327020926,2817.481120824814,44.78125,81.0,0.027626496583102015
-314.28309165091514,2909.606526374817,50.84375,103.0,0.027488364100186506
-641.5064894578547,2936.710749268532,55.8125,104.0,0.027350922279685573
-224.7202523630712,2397.572224020958,43.46875,91.0,0.027214167668287145
-192.53285244733468,2274.0500806570053,40.65625,72.0,0.02707809682994571
-592.5745720080826,1982.0875886678696,33.9375,64.0,0.02694270634579598
-1095.1546028112907,3583.5255883932114,76.53125,140.0,0.026807992814067
-26.725622156369965,2415.5566667318344,49.5625,80.0,0.026673952849996664
-245.34089488078848,3186.1114304065704,50.96875,102.0,0.02654058308574668
-487.34072847560725,1370.3295763731003,28.84375,57.0,0.026407880170317945
-163.30722581588464,2620.7590878009796,55.5,91.0,0.026275840769466357
-197.72523060809434,1845.7085231542587,38.40625,63.0,0.026144461565619025
-238.8913372627648,2111.4947576522827,41.28125,69.0,0.02601373925779093
-348.7515342887561,1868.494163274765,36.15625,62.0,0.025883670561501974
-181.73590753198212,1394.5413708686829,33.375,52.0,0.025754252208694463
-581.7599338541352,2604.0013353824615,49.0625,94.0,0.02562548094765099
-428.90375010011496,2472.965826869011,40.375,86.0,0.025497353542912736
-602.1157608357114,2494.1039053201675,43.96875,87.0,0.02536986677519817
-422.0018974417571,2365.2594985961914,44.625,80.0,0.02524301744132218
-110.4275231312622,1846.9170815944672,31.15625,63.0,0.025116802354115567
-394.57340207001175,2026.8669180870056,39.625,74.0,0.024991218342344988
-657.5640457413995,2411.4391227960587,39.21875,76.0,0.024866262250633264
-261.3284145239653,3742.199745774269,63.65625,116.0,0.024741930939380097
-503.14568045829793,3911.751405239105,62.71875,115.0,0.024618221284683196
-650.3474155783072,2222.374286174774,36.78125,73.0,0.02449513017825978
-403.87271712289373,1955.0582842826843,26.1875,50.0,0.02437265452736848
-551.9310260631493,1710.9912877082825,23.59375,53.0,0.024250791254731636
-814.7608577395955,3785.818461060524,50.59375,116.0,0.024129537298457977
-896.9604626938473,2109.002571463585,49.15625,86.0,0.024008889611965685
-407.327351010441,2568.0952038764954,49.125,88.0,0.023888845163905856
-492.2925789090167,4276.333425164223,71.28125,141.0,0.023769400938086327
-331.70905081381136,1688.2487466335297,31.9375,60.0,0.023650553933395897
-821.308585763207,2950.554053544998,58.09375,115.0,0.023532301163728918
-188.85887244787943,1441.6327409744263,29.21875,53.0,0.023414639657910272
-495.1105967793978,4467.431735396385,76.125,145.0,0.023297566459620722
-344.51982735425764,2502.654377937317,44.59375,94.0,0.023181078627322618
-469.39927349511146,2757.560607433319,58.40625,102.0,0.023065173234186005
-211.01588104587117,2343.223205804825,41.59375,69.0,0.022949847368015076
-163.2439567023182,2521.2244399785995,46.375,89.0,0.022835098131175
-307.3743500892715,3024.9690347909927,51.375,107.0,0.022720922640519125
-370.77889063616203,2431.135650873184,43.40625,85.0,0.02260731802731653
-583.6425725695965,2769.4733192920685,45.3125,89.0,0.022494281437179946
-124.44030455737209,2020.3262493610382,33.90625,53.0,0.022381810029994047
-397.5055028313704,2963.7465950250626,52.1875,94.0,0.022269900979844076
-529.3121665764774,2054.6250838041306,39.34375,77.0,0.022158551474944856
-343.2895597400857,1649.076017856598,28.71875,52.0,0.022047758717570132
-360.750142484577,5761.854802370071,107.28125,185.0,0.021937519923982282
-176.90503077363059,1749.4979465007782,29.03125,53.0,0.021827832324362372
-224.76755640683228,2293.470901966095,45.03125,74.0,0.02171869316274056
-483.85306026086806,2182.695690870285,49.375,91.0,0.021610099696926857
-381.7430652826587,3232.134194612503,65.21875,115.0,0.021502049198442223
-313.3787359122035,2021.3527252674103,35.78125,68.0,0.021394538952450012
-277.68691516994465,4056.8461993932724,60.28125,117.0,0.02128756625768776
-243.02193296501892,3543.2320345640182,62.5625,123.0,0.021181128426399323
-597.5564239139591,2379.0520898103714,39.90625,79.0,0.021075222784267326
-166.01278019468742,1969.1455889940262,35.3125,61.0,0.020969846670345987
-467.1779911780284,2960.2043449878693,41.0625,85.0,0.020864997436994256
-303.3736351344637,1310.8340501785278,25.71875,50.0,0.020760672449809284
-184.2707121000274,2689.4990162849426,50.6875,82.0,0.020656869087560238
-485.07181538779435,1829.5533874034882,36.46875,75.0,0.020553584742122436
-371.20893768970234,3416.972771167755,49.90625,101.0,0.020450816818411825
-493.8354670281141,1787.6512632369995,25.21875,52.0,0.020348562734319765
-694.0424845574203,2249.921328663826,37.3125,76.0,0.020246819920648168
-870.0359832162599,4711.9069480896,74.1875,148.0,0.020145585821044927
-131.14094580853606,1687.6719436645508,31.5625,59.0,0.020044857891939702
-503.24772033954395,2638.9970477819443,42.25,84.0,0.019944633602480003
-436.05241622067217,2318.986642599106,47.8125,86.0,0.019844910434467605
-552.5778833139378,2978.9290125370026,55.5,103.0,0.019745685882295267
-255.90520184815654,2143.3025817871094,44.125,87.0,0.01964695745288379
-394.11431677729433,2242.6378560066223,48.78125,100.0,0.01954872266561937
-449.10159214907804,5404.381775379181,120.75,199.0,0.019450979052291272
-174.1616689059568,1946.1978902816772,38.09375,61.0,0.019353724157029815
-780.9707700902126,3264.4428757429123,48.1875,107.0,0.019256955536244666
-566.1638793524606,1329.9636642932892,29.46875,57.0,0.019160670758563442
-313.13976176654273,3329.8299206495285,56.65625,108.0,0.019064867404770626
-700.8687613079541,4947.495177388191,89.5625,178.0,0.018969543067746772
-339.687763867132,3480.420578479767,74.75,122.0,0.018874695352408037
-500.9663606070953,2933.2060894966125,53.03125,106.0,0.018780321875645996
-250.77402854818013,2824.233099460602,52.34375,91.0,0.018686420266267767
-315.3121273715484,2018.4367434978485,44.71875,83.0,0.018592988164936427
-111.18492361595305,2107.4459038972855,39.40625,68.0,0.018500023224111744
-188.82334132312673,1681.7065289020538,30.09375,54.0,0.018407523107991184
-251.40626672679056,2633.4209444522858,48.71875,84.0,0.01831548549245123
-384.76824524037136,2261.4799728393555,35.9375,67.0,0.018223908064988973
-176.67217965988783,1929.186245918274,41.625,76.0,0.018132788524664028
-300.9156762824656,1359.3870239257812,29.25,53.0,0.018042124582040707
-817.0351645003918,1767.899572968483,38.25,79.0,0.017951913959130504
-39.828202713584304,1532.6561062335968,35.0,57.0,0.01786215438933485
-205.71550038073013,4219.692164182663,78.96875,138.0,0.017772843617388175
-471.42085903096637,2238.405220746994,36.03125,74.0,0.017683979399301233
-697.8958061546145,2563.77215719223,51.34375,97.0,0.017595559502304726
-1228.0336473075413,5072.658087253571,87.21875,166.0,0.0175075817047932
-560.706167792621,2399.8416959047318,39.1875,78.0,0.017420043796269234
-665.2574677703356,2532.400996208191,34.34375,75.0,0.017332943577287888
-218.53183716806942,1428.9784104824066,36.3125,60.0,0.01724627885940145
-204.64787590969365,1656.916874885559,43.90625,71.0,0.017160047465104442
-165.97094114021587,2850.2993030548096,48.28125,87.0,0.01707424722777892
-395.65554319091683,2087.0921334028244,46.28125,85.0,0.016988875991640028
-149.4791049679037,2404.2154223918915,55.0,88.0,0.016903931611681827
-532.5301472871477,2003.9930741786957,38.21875,82.0,0.01681941195362342
-72.97252082878227,1783.483062505722,42.625,68.0,0.016735314893855303
-412.2578670725334,2141.6767197847366,38.0,76.0,0.016651638319386028
-489.5041051559963,2611.0685470104218,51.4375,97.0,0.0165683801277891
-160.239064864003,2071.9917318820953,34.75,59.0,0.016485538227150154
-157.25925940957012,3141.3360970020294,51.90625,108.0,0.0164031105360144
-158.333020190582,1520.7102011442184,33.28125,53.0,0.01632109498333433
-233.5745898972118,1934.021672964096,52.9375,85.0,0.016239489508417658
-171.84401297466817,1498.4253305196762,29.40625,52.0,0.01615829206087557
-486.35037908394537,1448.696029663086,26.4375,53.0,0.01607750060057119
-171.63797495001808,2189.514335870743,40.40625,65.0,0.015997113097568336
-190.46599283871362,2470.448764562607,50.46875,83.0,0.015917127532080494
-222.8036278068765,2500.1167073249817,35.28125,71.0,0.01583754189442009
-231.47217971697344,1980.15021109581,29.625,55.0,0.01575835418494799
-393.0043443655287,2332.2415437698364,42.40625,83.0,0.01567956241402325
-129.09909325146972,2284.100865840912,42.3125,77.0,0.015601164601953134
-386.5232343945653,2277.87606048584,34.25,65.0,0.015523158778943369
-262.82315621444377,2505.598498225212,59.34375,91.0,0.015445542985048652
-137.8679974292715,1715.7764085531235,32.6875,55.0,0.015368315270123408
-272.72499861188766,2153.006509780884,30.28125,65.0,0.01529147369377279
-565.3696732233302,2323.23756814003,49.65625,86.0,0.015215016325303928
-584.452875674462,2289.7849156856537,40.90625,83.0,0.015138941243677408
-244.15303104211208,2237.005919933319,29.03125,67.0,0.01506324653745902
-431.5382593006798,2027.708374261856,37.53125,69.0,0.014987930304771725
-766.7778201986638,2273.836503982544,37.78125,80.0,0.014912990653247866
-409.47035829055307,2771.736625790596,67.5625,107.0,0.014838425699981627
-302.58306584657174,3355.458509683609,63.125,108.0,0.01476423357148172
-634.5928467560549,1488.3064742088318,30.875,64.0,0.014690412403624311
-308.65474414323853,2971.3178536891937,44.53125,87.0,0.01461696034160619
-606.2126054898956,1645.004326224327,34.0,65.0,0.014543875539898159
-76.89965440631238,2314.4567338228226,39.625,73.0,0.014471156162198668
-184.35692181588212,2344.736211180687,38.09375,70.0,0.014398800381387675
-394.71350005515376,1768.280422925949,31.71875,64.0,0.014326806379480736
-249.9424466477165,1532.1229285001755,33.09375,62.0,0.014255172347583332
-630.7551724352586,1605.1688886880875,28.9375,63.0,0.014183896485845416
-541.2305915383668,3135.2883129119873,52.90625,110.0,0.014112977003416188
-464.80822496876965,2208.133105278015,35.03125,74.0,0.014042412118399107
-570.7606505752306,2083.7410407066345,33.3125,66.0,0.013972200057807112
-498.6731336708493,1719.2492241859436,29.5625,58.0,0.013902339057518077
-175.024322532723,1706.2986006736755,34.34375,55.0,0.013832827362230486
-744.93130609416,2671.3355934619904,38.65625,79.0,0.013763663225419333
-528.9255205653097,1768.889044046402,38.25,74.0,0.013694844909292236
-387.7798237700431,2284.17850792408,39.375,76.0,0.013626370684745774
-332.4277826648,1963.7221809625626,38.28125,73.0,0.013558238831322046
-262.04757115300094,2144.520389318466,35.6875,64.0,0.013490447637165436
-542.4642143612059,1314.8440730571747,21.96875,50.0,0.013422995398979608
-444.3731642264083,2648.44444668293,45.25,90.0,0.01335588042198471
-478.108255439601,1972.2470274567604,39.34375,79.0,0.013289101019874787
-451.8425776594181,1717.357560634613,24.90625,53.0,0.013222655514775413
-719.4427379510018,3440.93803358078,48.53125,102.0,0.013156542237201536
-473.4044580964811,2871.180433511734,50.75,97.0,0.013090759526015528
-497.233183019867,2620.2679328918457,47.625,87.0,0.01302530572838545
-404.7408096197331,1840.1590354442596,28.46875,62.0,0.012960179199743523
-407.4773527582913,1621.590369939804,25.4375,50.0,0.012895378303744804
-173.6747065017811,1651.012436389923,23.40625,54.0,0.01283090141222608
-449.5084066489612,2409.501526594162,38.9375,83.0,0.012766746905164949
-359.8070112050906,1481.3885111808777,26.875,53.0,0.012702913170639124
-166.51099092085576,2078.0467369556427,31.4375,55.0,0.012639398604785928
-321.84403627748,2454.859312772751,64.53125,102.0,0.012576201611761997
-164.36991230093727,3074.828404545784,51.40625,92.0,0.012513320603703188
-391.8474794780856,1425.0842549800873,23.3125,51.0,0.012450754000684672
-232.75189969615403,2860.9505739212036,56.0,87.0,0.012388500230681249
-223.01716342865382,1702.5013914108276,30.0,61.0,0.012326557729527843
-672.1432815976436,2128.8288394212723,29.875,64.0,0.012264924940880204
-220.269057336695,3359.23841381073,68.0,120.0,0.012203600316175803
-181.67858997803506,2048.0844581127167,39.28125,61.0,0.012142582314594924
-207.17492820053585,1844.9056594371796,48.09375,71.0,0.01208186940302195
-167.13286111175785,2386.800905942917,39.40625,62.0,0.01202146005600684
-373.0177534581574,2060.1319230794907,30.21875,64.0,0.011961352755726806
-620.180956013909,2150.7835898399353,36.6875,70.0,0.01190154599194817
-572.1702488327569,2274.787019252777,36.75,69.0,0.01184203826198843
-193.80084012500487,1700.8251880407333,34.90625,57.0,0.011782828070678488
-976.115594947669,3675.5148352384567,59.21875,129.0,0.011723913930325095
-436.54455273915295,3214.7970844507217,46.375,103.0,0.01166529436067347
-535.6402556075471,2003.5891110897064,32.78125,63.0,0.011606967888870102
-245.59538601871432,4195.377316594124,75.40625,129.0,0.01154893304942575
-229.6437700914038,1935.1926093101501,49.3125,79.0,0.011491188384178622
-340.94564636403214,3530.615302324295,59.375,103.0,0.011433732442257729
-466.39094057660037,2877.0614895820618,49.28125,88.0,0.01137656378004644
-162.66740111591636,2766.491459965706,40.6875,90.0,0.011319680961146208
-705.9942091066317,4611.13946890831,78.9375,149.0,0.011263082556340478
-671.4363423991977,2231.588692188263,41.8125,78.0,0.011206767143558775
-183.20999643867407,1908.602000117302,46.125,67.0,0.011150733307840981
-219.12066063710625,2219.926720738411,46.875,79.0,0.011094979641301777
-616.1087781133778,2304.191176891327,35.4375,77.0,0.011039504743095268
-526.9385496709637,2122.090669631958,43.21875,77.0,0.01098430721937979
-195.29338707867106,2006.6396442651749,37.53125,60.0,0.010929385683282892
-129.88942858153064,1382.8929750919342,36.0,55.0,0.010874738754866477
-474.23518870212285,2298.944301843643,37.09375,71.0,0.010820365061092144
-429.12820615584184,1901.163992881775,34.40625,60.0,0.010766263235786683
-173.2644061249256,1502.819179534912,33.53125,52.0,0.01071243191960775
-172.88430014056684,2372.302082180977,46.15625,85.0,0.010658869760009713
-419.0777814117967,2796.2356102466583,47.59375,97.0,0.010605575411209664
-405.84098216050705,1496.5077031850815,33.28125,60.0,0.010552547534153616
-172.7913258311676,1558.512843489647,32.40625,56.0,0.010499784796482848
-177.6973272521194,1834.4999204874039,47.3125,74.0,0.010447285872500434
-218.57269294901297,2228.1598682403564,42.3125,71.0,0.01039504944313793
-170.6705163943007,1853.4887671470642,43.84375,70.0,0.010343074195922241
-139.11749879857064,1850.7158877849579,32.5,53.0,0.01029135882494263
-627.6289730232357,2034.2758765220642,29.21875,66.0,0.010239902030817916
-502.21766708571727,4806.81836104393,66.4375,123.0,0.010188702520663827
-606.446257483914,2405.3305344581604,40.84375,80.0,0.010137759008060509
-203.8973343764475,1596.5276499986649,43.71875,69.0,0.010087070213020206
-368.1699300423321,2195.6942586898804,40.875,79.0,0.010036634861955105
-182.5300733896898,1981.7417776584625,38.71875,66.0,0.010036634861955105
-255.78326255046693,3471.8212447166443,82.90625,141.0,0.010036634861955105
-248.6274177242012,4489.024819731712,86.3125,158.0,0.010036634861955105
-171.1995319385896,2588.603750228882,42.6875,71.0,0.010036634861955105
-211.7852692641925,2584.5705790519714,52.78125,94.0,0.010036634861955105
-529.0042623327608,4237.2505140304565,77.46875,148.0,0.010036634861955105
-208.60294755457795,3858.8639600276947,81.59375,134.0,0.010036634861955105
-418.86656803651726,1947.5374720096588,39.1875,73.0,0.010036634861955105
-381.3408474792401,1589.567543745041,32.96875,57.0,0.010036634861955105
-157.60661668331693,2571.637197136879,54.0,90.0,0.010036634861955105
-165.93264574562807,2880.9557144641876,53.875,87.0,0.010036634861955105
-138.5224435591321,1494.618881225586,47.15625,73.0,0.010036634861955105
-485.890119401033,5045.454665660858,73.875,158.0,0.010036634861955105
-184.21211087200913,1612.9873640537262,36.25,63.0,0.010036634861955105
-192.9520867218905,1623.2129652500153,33.59375,53.0,0.010036634861955105
-177.26085630823894,2785.888529777527,51.53125,83.0,0.010036634861955105
-180.84990409120297,1935.5929763317108,46.21875,71.0,0.010036634861955105
-268.2972813958484,1963.2313120365143,31.53125,65.0,0.010036634861955105
-734.9931396045203,2106.457058429718,32.3125,71.0,0.010036634861955105
-170.26418771769332,2213.117157101631,51.03125,79.0,0.010036634861955105
-126.67875172000564,2936.953750371933,58.25,91.0,0.010036634861955105
-165.37583841432678,2262.79141330719,43.84375,68.0,0.010036634861955105
-271.4918864823561,1652.1026990413666,29.875,67.0,0.010036634861955105
-379.7004071809607,1538.0806690454483,25.8125,54.0,0.010036634861955105
-531.7817589595059,1568.7957684993744,25.375,55.0,0.010036634861955105
-424.3757747911367,1270.4550379514694,26.03125,52.0,0.010036634861955105
-434.7840788931278,2941.9106724262238,61.1875,98.0,0.010036634861955105
-387.8357233735801,2314.054649233818,48.9375,86.0,0.010036634861955105
-222.358511726772,1581.8953547477722,28.09375,52.0,0.010036634861955105
-282.0168240461249,1740.312639951706,36.84375,71.0,0.010036634861955105
-720.2415587547897,2507.8859716653824,45.03125,80.0,0.010036634861955105
-195.6412624396793,2213.269023656845,39.90625,72.0,0.010036634861955105
-138.34901755581447,1765.7591185569763,32.96875,55.0,0.010036634861955105
-225.3682684217723,1423.7905551195145,43.0,66.0,0.010036634861955105
-178.14168490621648,1446.483021736145,32.9375,55.0,0.010036634861955105
-516.321639640703,2562.445715904236,49.625,92.0,0.010036634861955105
-835.3487642674926,2247.996530175209,39.125,76.0,0.010036634861955105
-525.1699847899919,2264.0172629356384,38.34375,73.0,0.010036634861955105
-570.4171266973246,1797.4975551366806,25.28125,58.0,0.010036634861955105
-389.8989236530581,3455.6314289569855,70.75,111.0,0.010036634861955105
-197.69061162585706,2221.5202100276947,42.71875,69.0,0.010036634861955105
-327.2733119659032,1321.7784881591797,30.625,55.0,0.010036634861955105
-178.69804610321123,1619.9316030740738,39.84375,64.0,0.010036634861955105
-365.1557628988003,4631.501452803612,92.96875,166.0,0.010036634861955105
-610.2494686098048,2004.6315822601318,37.625,76.0,0.010036634861955105
-164.88699742025435,2175.980282187462,46.6875,84.0,0.010036634861955105
-213.42386396688778,2994.494161963463,60.0,102.0,0.010036634861955105
-178.84164625736324,1108.9827756881714,33.1875,52.0,0.010036634861955105
-123.4230414031608,1797.2660796642303,32.53125,51.0,0.010036634861955105
-448.2414059455694,2986.136618375778,48.59375,106.0,0.010036634861955105
-396.887793191959,2409.7531645298004,46.28125,90.0,0.010036634861955105
-192.74796470951375,1720.853695988655,39.46875,61.0,0.010036634861955105
-185.4315192958578,2154.7877519130707,42.46875,64.0,0.010036634861955105
-237.1344433460777,2637.7839257717133,46.125,85.0,0.010036634861955105
-337.4130249789964,3235.7456253767014,54.15625,104.0,0.010036634861955105
-244.28309849386343,3832.037793159485,89.28125,160.0,0.010036634861955105
-292.5527904510159,2463.827926516533,65.21875,106.0,0.010036634861955105
-384.7114730615893,1978.9960815906525,41.25,73.0,0.010036634861955105
-421.9453479758633,2684.420197725296,52.71875,99.0,0.010036634861955105
-144.00769026508888,1448.9127588272095,26.59375,53.0,0.010036634861955105
-515.6288817342576,1747.2596728801727,24.1875,56.0,0.010036634861955105
-607.2681652381475,1678.9958591461182,31.6875,63.0,0.010036634861955105
-494.4761373094932,1261.5068283081055,23.90625,54.0,0.010036634861955105
-178.5617841377512,2083.9743282794952,42.0,66.0,0.010036634861955105
-450.8295065100449,1647.7828211784363,29.34375,57.0,0.010036634861955105
-388.3157656749965,1559.9509454965591,35.0625,68.0,0.010036634861955105
-709.3553701158713,1722.502014875412,32.65625,69.0,0.010036634861955105
-371.8027919762236,3282.4117703437805,65.96875,114.0,0.010036634861955105
-176.21604252021194,1744.9521896839142,39.75,64.0,0.010036634861955105
-450.87528797221586,2839.547344326973,59.84375,112.0,0.010036634861955105
-377.63973791721685,2492.604666352272,39.0,82.0,0.010036634861955105
-499.51081659682956,2691.4097319841385,46.15625,84.0,0.010036634861955105
-383.4943065550328,2947.153883099556,43.84375,88.0,0.010036634861955105
-437.18558686521726,2183.2977533340454,41.21875,78.0,0.010036634861955105
-204.77834064554446,1288.5484852790833,38.34375,61.0,0.010036634861955105
-530.4285353909502,2460.467383623123,38.59375,81.0,0.010036634861955105
-723.8601775763354,2604.371290206909,39.71875,87.0,0.010036634861955105
-828.258489639586,3247.1165964603424,49.34375,105.0,0.010036634861955105
-268.98285789951433,2664.50053858757,54.75,95.0,0.010036634861955105
-491.29592251444217,1495.287808895111,26.03125,56.0,0.010036634861955105
-534.0663652325177,2824.8575633764267,52.25,101.0,0.010036634861955105
